{"loss":{"0":3.9575314522,"1":3.2828938961,"2":2.2669358253,"3":0.878647089,"4":0.2671136558,"5":0.1634504646,"6":0.139895767,"7":0.1251535118},"accuracy":{"0":0.0840707943,"1":0.1979923397,"2":0.4019614458,"3":0.7467309237,"4":0.9214271307,"5":0.9523015618,"6":0.9594340324,"7":0.9644366503},"val_loss":{"0":18.4617385864,"1":17.3270320892,"2":24.1737060547,"3":33.6833496094,"4":48.643321991,"5":51.7785987854,"6":51.8028945923,"7":50.4822349548},"val_accuracy":{"0":0.0001321353,"1":0.0015856237,"2":0.0008588795,"3":0.0009910148,"4":0.0008588795,"5":0.0013874207,"6":0.0010570824,"7":0.001321353}}