{"loss":{"0":4.2015247345,"1":3.8215215206,"2":3.5375182629,"3":3.3561220169,"4":3.198567152,"5":3.0583260059,"6":2.9327044487,"7":2.8217921257},"accuracy":{"0":0.0412263907,"1":0.0958757102,"2":0.1438218206,"3":0.1785100996,"4":0.2099788636,"5":0.240143314,"6":0.2660645843,"7":0.2885021865},"val_loss":{"0":14.2098245621,"1":19.4791107178,"2":21.0955963135,"3":21.3040866852,"4":22.2141742706,"5":22.1323947906,"6":23.6364479065,"7":24.8059711456},"val_accuracy":{"0":0.0,"1":0.0005946089,"2":0.0019820295,"3":0.0011892178,"4":0.0018498943,"5":0.0023784356,"6":0.0019820295,"7":0.0042943973}}