{"loss":{"0":2.0646703243,"1":1.6355832815,"2":1.5158485174,"3":1.4384232759,"4":1.3908209801},"accuracy":{"0":0.4830768704,"1":0.5768887997,"2":0.6023147702,"3":0.6190727949,"4":0.6311253309},"val_loss":{"0":15.8201551437,"1":17.4088478088,"2":18.6852970123,"3":19.7446899414,"4":21.0096855164},"val_accuracy":{"0":0.0070692389,"1":0.0073335096,"2":0.0049550738,"3":0.0039640591,"4":0.0059460886}}