{"loss":{"0":1.9217385054,"1":1.3986461163,"2":1.2131009102,"3":1.089461565,"4":0.9990118742,"5":0.9203034639,"6":0.8636215329,"7":0.811399281,"8":0.767942667,"9":0.7297328115},"accuracy":{"0":0.5152885914,"1":0.6302832961,"2":0.6748448014,"3":0.7041671872,"4":0.7252344489,"5":0.7439572215,"6":0.7563564777,"7":0.7716946006,"8":0.7820796371,"9":0.7910117507},"val_loss":{"0":15.9799852371,"1":17.552192688,"2":18.8864688873,"3":19.9685668945,"4":21.1410980225,"5":22.2898921967,"6":23.3020381927,"7":24.1934394836,"8":24.928155899,"9":25.3335914612},"val_accuracy":{"0":0.0064085624,"1":0.0066728331,"2":0.007201374,"3":0.0070031714,"4":0.0062764268,"5":0.0065406975,"6":0.0068710358,"7":0.0070692389,"8":0.0062764268,"9":0.0071353065}}