{"loss":{"0":4.202750206,"1":3.7191443443,"2":2.8388249874,"3":1.4140070677,"4":0.4137804806},"accuracy":{"0":0.0495476164,"1":0.1246367693,"2":0.2882049978,"3":0.6205422282,"4":0.8889347315},"val_loss":{"0":15.7539653778,"1":22.5031757355,"2":27.8425197601,"3":46.380115509,"4":63.239276886},"val_accuracy":{"0":0.000198203,"1":0.001321353,"2":0.0010570824,"3":0.0009910148,"4":0.0009910148}}